{
  "corporate": [
    "iptables -A OUTPUT -p tcp --dport 443 -j ACCEPT",
    "iptables -A OUTPUT -p tcp --dport 80 -j ACCEPT",
    "iptables -A OUTPUT -p tcp --dport 6881:6889 -j DROP",
    "iptables -A OUTPUT -p tcp --dport 22 -j DROP"
  ],
  "vpn_users": [
    "iptables -A INPUT -p udp --dport 500 -j ACCEPT",
    "iptables -A INPUT -p udp --dport 4500 -j ACCEPT",
    "iptables -A INPUT -p tcp --dport 22 -j DROP",
    "iptables -A OUTPUT -p tcp --dport 53 -j ACCEPT"
  ],
  "developers": [
    "iptables -A OUTPUT -p tcp --dport 22 -j ACCEPT",
    "iptables -A OUTPUT -p tcp --dport 443 -j ACCEPT",
    "iptables -A OUTPUT -p tcp --dport 80 -j ACCEPT",
    "iptables -A INPUT -p tcp --dport 8080 -j ACCEPT"
  ],
  "guests": [
    "iptables -A OUTPUT -p tcp --dport 80 -j ACCEPT",
    "iptables -A OUTPUT -p tcp --dport 443 -j ACCEPT",
    "iptables -A OUTPUT -p tcp --dport 21 -j DROP",
    "iptables -A OUTPUT -p tcp --dport 22 -j DROP"
  ],
  "admins": [
    "iptables -A INPUT -p tcp --dport 22 -j ACCEPT",
    "iptables -A INPUT -p tcp --dport 3389 -j ACCEPT",
    "iptables -A OUTPUT -p tcp --dport 80 -j ACCEPT",
    "iptables -A OUTPUT -p tcp --dport 443 -j ACCEPT"
  ],
  "blocked_users": [
    "iptables -A OUTPUT -j DROP",
    "iptables -A INPUT -j DROP"
  ]
}